"No.","Time","Source","Destination","Protocol","Length","Info"
"2152","21.795502","192.168.31.96","192.168.31.1","DNS","79","Standard query 0xff03 A wpad.lan OPT"
"2154","21.803893","192.168.31.1","192.168.31.96","DNS","79","Standard query response 0xff03 No such name A wpad.lan OPT"
"3863","26.130383","192.168.31.96","192.168.31.1","DNS","79","Standard query 0x2bf3 A wpad.lan OPT"
"3876","26.542271","192.168.31.1","192.168.31.96","DNS","79","Standard query response 0x2bf3 No such name A wpad.lan OPT"
